{
    "extrinsic": [
        [
            -5.461434770672567e-05,
            -0.9977968682532519,
            -0.0064435250728704764
        ],
        [
            -0.05397257670589571,
            0.007371525844529945,
            -1.000443410762757
        ],
        [
            0.9666810449623151,
            -0.004356957483891831,
            0.11712466250429494
        ]
    ],
    "intrinsic": [
        [
            1779.22828652,
            0.0,
            965.09717208
        ],
        [
            0.0,
            1777.65523824,
            544.33311644
        ],
        [
            0.0,
            0.0,
            1.0
        ]
    ],
    "file_path": "/home/yong/yongdb/\uacfc\uc81c/tcar/LLM/data/image/image/000000.jpg",
    "lane_lines": [
        {
            "category": "white_lane",
            "visibility": [
                1.0,
                1.0,
                1.0,
                1.0,
                1.0,
                1.0,
                1.0,
                1.0,
                1.0,
                1.0,
                1.0,
                1.0,
                1.0,
                1.0,
                1.0,
                1.0,
                1.0,
                1.0,
                1.0,
                1.0
            ],
            "uv": [
                [
                    895.621786775319,
                    884.9773626163387,
                    878.161047128079,
                    424.5915046288648,
                    888.8167904749649,
                    872.6382317559347,
                    901.4391832207351,
                    755.0733573970647,
                    860.3219134477808,
                    722.0120375937245,
                    810.1269232142733,
                    816.2473452894936,
                    735.9742746026722,
                    748.0835479380494,
                    866.2537684702588,
                    761.5870204223463,
                    767.7999773468088,
                    907.2158975512957,
                    601.8211567303484,
                    913.6471976586521
                ],
                [
                    476.320309742451,
                    487.80857617178015,
                    490.98354862446496,
                    874.1749993574972,
                    479.5219824214406,
                    496.4614190151388,
                    470.7167302714172,
                    596.6901479543626,
                    507.97086896033153,
                    624.3030106072641,
                    545.8463953498454,
                    540.0939594802687,
                    611.7851210813869,
                    599.602175908542,
                    499.3491149592912,
                    590.4072282936922,
                    584.6229744791684,
                    467.8654317269788,
                    721.3805565222187,
                    458.7997201149156
                ]
            ],
            "xyz": [
                [
                    59.15124130249024,
                    49.42531585693361,
                    48.8153648376465,
                    8.760037422180178,
                    58.575832366943374,
                    43.89702224731447,
                    66.91102600097658,
                    19.689058303833015,
                    38.11946868896485,
                    17.131793975830078,
                    26.767110824584968,
                    28.207229614257816,
                    18.16548538208008,
                    19.243076324462898,
                    42.23001480102539,
                    20.117887496948246,
                    20.99217796325684,
                    71.267333984375,
                    12.129981994628908,
                    83.78931427001955
                ],
                [
                    2.283365249633789,
                    2.1914055347442583,
                    2.338796138763424,
                    2.113361835479736,
                    2.471605539321894,
                    2.2323906421661346,
                    2.3705015182495117,
                    2.1480052471160875,
                    2.1843390464782675,
                    2.1281080245971675,
                    2.2147197723388654,
                    2.2487540245056152,
                    2.1419975757598873,
                    2.16275405883789,
                    2.2885484695434517,
                    2.1329240798950186,
                    2.165393829345703,
                    2.3030343055725098,
                    2.128894090652465,
                    2.409520864486695
                ],
                [
                    0.7033520936965961,
                    0.5707716941833489,
                    0.5048909187316898,
                    0.09436619281768793,
                    0.6155295372009271,
                    0.5019464492797856,
                    0.7704572677612298,
                    0.21233749389648465,
                    0.4365601539611807,
                    0.1957701444625864,
                    0.31424140930175765,
                    0.31762373447418213,
                    0.2051714658737183,
                    0.2218592166900634,
                    0.4856479167938243,
                    0.23870944976806693,
                    0.2296630144119268,
                    0.8169751167297374,
                    0.1487097740173349,
                    1.0675060749053982
                ]
            ]
        },
        {
            "category": "yellow_lane",
            "visibility": [
                1.0,
                1.0,
                1.0,
                1.0,
                1.0,
                1.0,
                1.0,
                1.0,
                1.0,
                1.0,
                1.0,
                1.0,
                1.0,
                1.0,
                1.0,
                1.0,
                1.0,
                1.0,
                1.0,
                1.0
            ],
            "uv": [
                [
                    187.23693266054164,
                    712.878974178949,
                    380.8515737520893,
                    528.3094871063113,
                    58.24600257908955,
                    163.84867713425385,
                    264.30354662980466,
                    521.283931754644,
                    486.94286329459766,
                    500.8436229426521,
                    195.30458490012379,
                    307.5611870939225,
                    171.678010442672,
                    203.0329958568796,
                    629.6105918789549,
                    507.49991594318294,
                    493.6300957540576,
                    387.9034777823048,
                    329.67651520242634,
                    322.14234908791434
                ],
                [
                    609.711506997524,
                    481.14769609134805,
                    560.0055201227713,
                    526.9155091266268,
                    638.1101168132353,
                    614.1896593046273,
                    591.1035087054627,
                    530.2286757730922,
                    536.5311439168082,
                    536.2586652642759,
                    606.2517151624655,
                    577.3248442101216,
                    613.8794463958002,
                    605.9575312535584,
                    504.7402672349942,
                    533.2184578417107,
                    533.4823233072088,
                    562.7625003359374,
                    576.6655664481514,
                    573.9403143898796
                ]
            ],